s.no.,districts,year,type,violent_crimes,pop_in_lak,violent_cr,avg_temp,tot_rf
1,ariyalur,2011,violent crimes,148,7.52,19.67,28.31235341972873,1103.207404418118
1,ariyalur,2012,violent crimes,176,7.63,23.05,28.77731206427367,973.2079715599488
1,ariyalur,2013,violent crime,155,7.76,19.97,28.73031056345942,870.1580451405937
1,ariyalur,2014,violent crime,127,7.88,16.11,28.53604185676692,1090.802339357575
1,ariyalur,2015,violent crime,85,8.0,10.6,28.56591078828164,1501.644532378191
1,ariyalur,2016,violent crime,82,8.1,10.1,28.9971722563475,669.0552304985342
1,ariyalur,2017,violent crime,147,8.3,17.7,28.9971722563475,669.0552304985342
1,ariyalur,2018,violent crime,133,8.4,15.8,28.51198546855595,949.1109168992245
1,ariyalur,2019,violent crime,160,8.52,18.8,28.98975224944448,28.98975224944448
1,ariyalur,2020,violent crime,162,8.7,18.6,28.57366897291558,1236.201080190643
1,ariyalur,2021,violent crime,181,8.0,22.6,27.82567478680567,1599.395687194937
1,ariyalur,2022,violent crime,254,8.0,31.8,27.76486837959407,1245.229329427083
2,chennai,2011,violent crimes,1042,87.37,11.93,28.89712329,1774.4
2,chennai,2012,violent crimes,788,88.64,8.89,29.44357923,1087.2
2,chennai,2013,violent crime,764,90.11,8.48,29.08447224,1154.5
2,chennai,2014,violent crime,713,91.52,7.79,29.32767123,1299.1
2,chennai,2015,violent crime,676,93.0,7.3,29.32870879,2100.25
2,chennai,2016,violent crime,665,94.4,7.0,29.54132514,1144.75
2,chennai,2017,violent crime,823,95.9,8.6,29.54493151,1568.05
2,chennai,2018,violent crime,1174,97.4,12.1,29.36924658,910.85
2,chennai,2019,violent crime,1477,98.88,14.9,29.77474791,1265.2
2,chennai,2020,violent crime,1439,100.4,14.3,29.41160978,1489.15
2,chennai,2021,violent crime,1450,72.3,20.1,29.37280979,2163.0
2,chennai,2022,violent crime,1227,60.4,20.3,29.36012191,1538.2
3,coimbatore,2011,violent crimes,524,34.72,15.1,26.79561644,975.7
3,coimbatore,2012,violent crimes,592,35.23,16.8,24.04315068,1520.9
3,coimbatore,2013,violent crime,573,35.82,16.0,23.77260274,2532.55
3,coimbatore,2014,violent crime,521,36.379999999999995,14.3,23.95541096,2183.65
3,coimbatore,2015,violent crime,476,37.0,12.9,24.22360806,1824.45
3,coimbatore,2016,violent crime,411,37.6,10.9,24.48144622,1486.05
3,coimbatore,2017,violent crime,367,38.1,9.6,24.46287671,2119.5
3,coimbatore,2018,violent crime,323,38.7,8.3,23.76311992,1959.4
3,coimbatore,2019,violent crime,387,39.3,9.8,24.36675137,2284.5
3,coimbatore,2020,violent crime,327,39.9,8.2,24.26997088,2382.15
3,coimbatore,2021,violent crime,419,36.6,11.4,23.79932299,2726.95
3,coimbatore,2022,violent crime,782,36.8,21.3,23.67140317,2787.5
4,cuddalore,2011,violent crimes,753,26.01,28.95,28.60013736,1847.0
4,cuddalore,2012,violent crimes,825,26.39,31.26,29.50068493,1149.0
4,cuddalore,2013,violent crime,564,26.83,21.02,29.08,1011.9
4,cuddalore,2014,violent crime,576,27.25,21.14,28.79219178,1483.3
4,cuddalore,2015,violent crime,454,27.7,16.4,28.90618132,1938.2
4,cuddalore,2016,violent crime,249,28.1,8.9,29.09248634,694.0
4,cuddalore,2017,violent crime,288,28.5,10.1,28.91054795,1590.2
4,cuddalore,2018,violent crime,290,29.0,10.0,28.75109589,1114.4
4,cuddalore,2019,violent crime,296,29.44,10.1,29.04574176,1630.4
4,cuddalore,2020,violent crime,440,29.9,14.7,28.79614325,1740.5
4,cuddalore,2021,violent crime,512,27.6,18.6,28.47611379,2160.5
4,cuddalore,2022,violent crime,555,27.7,20.0,28.85664384,1467.75
5,dharmapuri,2011,violent crimes,330,15.03,21.96,26.80780822,760.0
5,dharmapuri,2012,violent crimes,372,15.25,24.4,27.38970098490413,1012.978612791281
5,dharmapuri,2013,violent crime,488,15.5,31.48,27.29614841627479,955.7211426365318
5,dharmapuri,2014,violent crime,427,15.74,27.12,27.16807842964444,989.095169481098
5,dharmapuri,2015,violent crime,292,16.0,18.3,27.49245391279887,1310.946627562633
5,dharmapuri,2016,violent crime,208,16.2,12.8,28.18660116271729,686.9127585833406
5,dharmapuri,2017,violent crime,169,16.5,10.2,27.94198600996181,1193.933715690519
5,dharmapuri,2018,violent crime,159,16.8,9.5,27.33753425,432.0
5,dharmapuri,2019,violent crime,113,17.01,6.6,27.63774105,1161.7
5,dharmapuri,2020,violent crime,138,17.3,8.0,27.02671233,950.0
5,dharmapuri,2021,violent crime,197,16.0,12.3,26.96799451,950.1
5,dharmapuri,2022,violent crime,324,16.0,20.3,26.66972603,929.9
6,dindigul,2011,violent crimes,380,21.61,17.58,14.75219178,1551.4
6,dindigul,2012,violent crimes,435,21.93,19.84,14.98497268,1347.3
6,dindigul,2013,violent crime,385,22.29,17.27,14.90136986,1167.6
6,dindigul,2014,violent crime,414,22.64,18.29,14.96780822,1775.9
6,dindigul,2015,violent crime,466,23.0,20.3,14.91383562,1767.8
6,dindigul,2016,violent crime,318,23.4,13.6,15.23101093,849.3
6,dindigul,2017,violent crime,230,23.7,9.7,14.92767123,1730.5
6,dindigul,2018,violent crime,272,24.1,11.3,14.60986301,1479.2
6,dindigul,2019,violent crime,304,24.46,12.4,15.14986301,1869.7
6,dindigul,2020,violent crime,239,24.8,9.6,14.9942623,1292.7
6,dindigul,2021,violent crime,332,22.9,14.5,14.28424658,2192.0
6,dindigul,2022,violent crime,483,23.0,21.0,14.33753425,2327.3
7,erode,2011,violent crimes,226,22.6,10.0,25.21762547422928,1063.031723541426
7,erode,2012,violent crimes,199,22.93,8.68,24.43747006702481,1137.043371417436
7,erode,2013,violent crime,218,23.31,9.35,23.6616799536306,1432.168971819618
7,erode,2014,violent crime,186,23.67,7.86,23.70212821208104,1463.655504435115
7,erode,2015,violent crime,147,24.0,6.1,23.8119552249183,1651.349914612197
7,erode,2016,violent crime,138,24.4,5.7,24.33651778999769,960.6184567708465
7,erode,2017,violent crime,129,24.8,5.2,24.13441791062289,1617.341213571015
7,erode,2018,violent crime,205,25.2,8.1,24.03189483545848,1337.076869756553
7,erode,2019,violent crime,201,25.57,7.9,24.5843503026565,24.5843503026565
7,erode,2020,violent crime,138,26.0,5.3,24.21916388121858,1456.286300355171
7,erode,2021,violent crime,151,23.9,6.3,28.86997041,885.6
7,erode,2022,violent crime,325,23.9,13.6,28.17417127,1068.4
8,kancheepuram,2011,violent crimes,384,23.45,16.38,28.46988952000281,1493.949852516182
8,kancheepuram,2012,violent crimes,416,23.79,17.48,28.87897657488696,1039.290452526969
8,kancheepuram,2013,violent crime,429,24.19,17.74,28.74555529281113,1042.230211676333
8,kancheepuram,2014,violent crime,338,24.56,13.76,28.79956442639462,1225.720250861407
8,kancheepuram,2015,violent crime,371,25.0,14.9,28.79089097505249,1869.542690728892
8,kancheepuram,2016,violent crime,319,25.3,12.6,29.12318253001519,951.8849894781928
8,kancheepuram,2017,violent crime,306,25.7,11.9,29.01920856285292,1458.019365241918
8,kancheepuram,2018,violent crime,386,26.1,14.8,28.71887376944388,954.7627761950822
8,kancheepuram,2019,violent crime,370,26.54,13.9,29.18636408844151,29.18636408844151
8,kancheepuram,2020,violent crime,322,45.5,7.1,28.78456919421619,1421.030428319709
8,kancheepuram,2021,violent crime,354,33.8,10.5,28.33458152391884,1880.289180044534
8,kancheepuram,2022,violent crime,859,41.900000000000006,20.5,28.32642468757905,1435.377522870269
9,kanniyakumari,2011,violent crimes,316,18.63,16.96,28.0978022,824.0
9,kanniyakumari,2012,violent crimes,356,18.9,18.83,28.31830601,576.0
9,kanniyakumari,2013,violent crime,343,19.22,17.85,27.84849315,753.6
9,kanniyakumari,2014,violent crime,300,19.52,15.37,28.04808219,1086.1
9,kanniyakumari,2015,violent crime,245,19.8,12.4,27.83876712,1163.5
9,kanniyakumari,2016,violent crime,219,20.1,10.9,28.45300546,373.6
9,kanniyakumari,2017,violent crime,207,20.4,10.1,28.20673077,731.5
9,kanniyakumari,2018,violent crime,341,20.8,16.4,27.85273973,902.0
9,kanniyakumari,2019,violent crime,255,21.09,12.1,28.49178082,1115.4
9,kanniyakumari,2020,violent crime,261,21.4,12.2,28.61939891,611.8
9,kanniyakumari,2021,violent crime,270,19.8,13.6,28.12955801,1364.7
9,kanniyakumari,2022,violent crime,386,19.9,19.4,28.27203857,461.0
10,karur,2011,violent crimes,187,10.77,17.37,29.00424658,754.8
10,karur,2012,violent crimes,159,10.92,14.56,29.30327869,424.4
10,karur,2013,violent crime,105,11.1,9.46,26.60613587811783,964.150036907236
10,karur,2014,violent crime,120,11.28,10.64,26.40951558844022,1102.884181026237
10,karur,2015,violent crime,114,11.5,10.0,26.46541877130226,1330.568836977014
10,karur,2016,violent crime,95,11.6,8.2,27.01073665068009,722.6385910653729
10,karur,2017,violent crime,80,11.8,6.8,26.83913485022857,1142.566993582443
10,karur,2018,violent crime,114,12.0,9.5,26.48262990374304,982.113943975807
10,karur,2019,violent crime,104,12.19,8.5,27.09308806619369,27.09308806619369
10,karur,2020,violent crime,106,12.4,8.5,26.64776864656598,1192.436048799102
10,karur,2021,violent crime,110,11.3,9.7,28.25716463,651.8
10,karur,2022,violent crime,138,11.3,12.2,28.64599407,823.0
11,krishnagiri,2011,violent crimes,415,18.84,22.03,26.93878533748908,929.3077411811893
11,krishnagiri,2012,violent crimes,399,19.11,20.88,26.99294102381146,1010.950404732612
11,krishnagiri,2013,violent crime,463,19.43,23.83,26.8639356606926,1021.771117907612
11,krishnagiri,2014,violent crime,429,19.73,21.74,26.78486395728132,1106.441658910472
11,krishnagiri,2015,violent crime,365,20.0,18.2,26.93433483063228,1463.785779424074
11,krishnagiri,2016,violent crime,256,20.4,12.6,27.53420369008454,770.6625853893804
11,krishnagiri,2017,violent crime,215,20.7,10.4,27.31171772660328,1295.935155503445
11,krishnagiri,2018,violent crime,209,21.0,10.0,27.12334008176787,753.9566849139558
11,krishnagiri,2019,violent crime,205,21.32,9.6,27.56824612639754,27.56824612639754
11,krishnagiri,2020,violent crime,206,21.7,9.5,27.01733659829746,1094.851052947628
11,krishnagiri,2021,violent crime,258,19.9,13.0,26.38634259716358,1273.900239404844
11,krishnagiri,2022,violent crime,299,20.0,15.0,26.14169668594774,1200.435837775051
12,madurai,2011,violent crimes,960,30.409999999999997,31.6,29.10906593,833.8
12,madurai,2012,violent crimes,998,30.86,32.3,30.07226776,570.2
12,madurai,2013,violent crime,1149,31.36,36.6,30.4009589,606.3
12,madurai,2014,violent crime,1194,31.86,37.5,29.88753425,897.1
12,madurai,2015,violent crime,1120,32.4,34.6,29.56493151,1058.9
12,madurai,2016,violent crime,995,32.900000000000006,30.2,30.57082192,606.1
12,madurai,2017,violent crime,785,33.3,23.6,29.91945205,990.5
12,madurai,2018,violent crime,727,33.900000000000006,21.4,29.62410959,701.5
12,madurai,2019,violent crime,765,34.42,22.2,30.44109589,732.1
12,madurai,2020,violent crime,746,35.0,21.3,30.11789617,1036.1
12,madurai,2021,violent crime,837,32.2,26.0,29.40674139,1085.35
12,madurai,2022,violent crime,986,32.3,30.5,29.61452055,1090.5
13,nagappattinam,2011,violent crimes,243,16.14,15.06,28.78727765,950.2
13,nagappattinam,2012,violent crimes,260,16.38,15.88,29.39918033,1282.5
13,nagappattinam,2013,violent crime,228,16.65,13.7,29.2230663,1012.7
13,nagappattinam,2014,violent crime,292,16.91,17.27,29.19793388,1216.2
13,nagappattinam,2015,violent crime,234,17.2,13.6,29.20592287,1901.4
13,nagappattinam,2016,violent crime,259,17.4,14.9,29.56653005,694.2
13,nagappattinam,2017,violent crime,247,17.7,14.0,29.42863014,1801.8
13,nagappattinam,2018,violent crime,261,18.0,14.5,29.13027397,1196.8
13,nagappattinam,2019,violent crime,210,18.27,11.5,29.55835616,1509.9
13,nagappattinam,2020,violent crime,201,18.6,10.8,29.19009009,1367.6
13,nagappattinam,2021,violent crime,208,17.1,12.2,29.08818681,1718.258342689621
13,nagappattinam,2022,violent crime,290,17.2,16.9,29.02890411,1345.795133305167
14,namakkal,2011,violent crimes,239,17.21,13.89,27.73559925625461,924.8839066773759
14,namakkal,2012,violent crimes,212,17.46,12.14,27.9544120270846,831.5498701889071
14,namakkal,2013,violent crime,265,17.75,14.93,27.18025385682926,951.0400568842465
14,namakkal,2014,violent crime,186,18.03,10.32,27.0181616364769,972.5240441963742
14,namakkal,2015,violent crime,193,18.3,10.5,27.36671196527299,1237.874117434236
14,namakkal,2016,violent crime,208,18.6,11.2,28.07192632376429,665.6595585942691
14,namakkal,2017,violent crime,139,18.9,7.4,27.83756661634763,1139.592089571233
14,namakkal,2018,violent crime,141,19.2,7.3,27.34418808932342,992.1709543467413
14,namakkal,2019,violent crime,153,19.48,7.9,27.94913238671382,27.94913238671382
14,namakkal,2020,violent crime,129,19.8,6.5,27.39406018152379,1106.626596279131
14,namakkal,2021,violent crime,171,18.3,9.3,26.7587115310085,1229.855145363162
14,namakkal,2022,violent crime,243,18.4,13.2,26.58634643906148,1222.951116355069
16,perambalur,2011,violent crimes,114,5.65,20.19,28.14816128493832,1039.598131593309
16,perambalur,2012,violent crimes,110,5.73,19.21,28.54707928189555,891.9295181725981
16,perambalur,2013,violent crime,75,5.82,12.88,28.50090674277592,845.3625429052365
16,perambalur,2014,violent crime,83,5.91,14.04,28.27216012774872,983.92609155055
16,perambalur,2015,violent crime,49,6.0,8.2,28.36052376470809,1336.814960225073
16,perambalur,2016,violent crime,63,6.1,10.3,28.86757956187806,658.4186080018981
16,perambalur,2017,violent crime,73,6.2,11.8,28.74583955411655,1077.529193329467
16,perambalur,2018,violent crime,75,6.3,11.9,28.29928029133218,881.3142980377344
16,perambalur,2019,violent crime,117,6.39,18.3,28.85804095993515,28.85804095993515
16,perambalur,2020,violent crime,155,6.5,23.8,28.39452422969684,1151.266225858138
16,perambalur,2021,violent crime,169,6.0,28.2,27.48245909783402,1489.745562034234
16,perambalur,2022,violent crime,177,6.0,29.5,27.3868646890807,1205.423839634727
17,pudukkottai,2011,violent crimes,271,16.19,16.74,28.35030098775568,1015.391151198693
17,pudukkottai,2012,violent crimes,193,16.42,11.75,28.72139707816907,826.7782473496711
17,pudukkottai,2013,violent crime,245,16.7,14.67,28.81159362292713,741.4421274504462
17,pudukkottai,2014,violent crime,208,16.96,12.27,28.54698295720778,984.3537483401702
17,pudukkottai,2015,violent crime,155,17.2,9.0,28.50562188336585,1270.475554705831
17,pudukkottai,2016,violent crime,157,17.5,9.0,28.99661756463025,621.8899851745307
17,pudukkottai,2017,violent crime,151,17.8,8.5,28.88704036115282,963.2445781822528
17,pudukkottai,2018,violent crime,153,18.0,8.5,28.55446193947158,826.9266282246149
17,pudukkottai,2019,violent crime,234,18.32,12.8,29.04446318977809,29.04446318977809
17,pudukkottai,2020,violent crime,300,18.6,16.1,28.60823263206099,1082.076512833799
17,pudukkottai,2021,violent crime,266,17.2,15.5,28.26200415880277,1518.540516922731
17,pudukkottai,2022,violent crime,257,17.2,14.9,28.13525101212187,1178.727919633728
18,ramanathapuram,2011,violent crimes,310,13.38,23.18,28.9480137,1045.75
18,ramanathapuram,2012,violent crimes,360,13.57,26.53,28.98237705,754.45
18,ramanathapuram,2013,violent crime,335,13.8,24.28,29.00185214,772.3
18,ramanathapuram,2014,violent crime,301,14.01,21.48,28.84630137,1066.55
18,ramanathapuram,2015,violent crime,317,14.2,22.3,29.04742661,1169.15
18,ramanathapuram,2016,violent crime,257,14.5,17.8,29.63387978,406.5
18,ramanathapuram,2017,violent crime,257,14.7,17.5,29.54546662,672.55
18,ramanathapuram,2018,violent crime,268,14.9,18.0,29.32212329,854.2
18,ramanathapuram,2019,violent crime,329,15.14,21.7,29.72541096,1192.0
18,ramanathapuram,2020,violent crime,419,15.4,27.2,29.48023815,986.15
18,ramanathapuram,2021,violent crime,408,14.3,28.5,29.57700291,1194.7
18,ramanathapuram,2022,violent crime,432,14.4,30.0,29.22754855,932.6
19,salem,2011,violent crimes,814,34.8,23.4,27.69684066,973.3
19,salem,2012,violent crimes,548,35.31,15.5,27.9920765,1074.5
19,salem,2013,violent crime,596,35.89,16.6,28.12857143,817.4
19,salem,2014,violent crime,531,36.46,14.6,27.93901099,713.3
19,salem,2015,violent crime,665,37.0,18.0,28.63159341,1007.4
19,salem,2016,violent crime,460,37.6,12.2,29.55819672,534.6
19,salem,2017,violent crime,420,38.2,11.0,29.24491758,996.1
19,salem,2018,violent crime,403,38.7,10.4,28.63767123,985.3
19,salem,2019,violent crime,409,39.38,10.4,29.32136986,1165.6
19,salem,2020,violent crime,418,40.0,10.5,28.59491758,922.4
19,salem,2021,violent crime,520,36.9,14.1,23.97083358,1813.35
19,salem,2022,violent crime,670,37.0,18.1,23.6630137,1631.65
20,sivaganga,2011,violent crimes,188,13.41,14.02,28.03694332749096,949.8199257921817
20,sivaganga,2012,violent crimes,289,13.61,21.24,28.44849564452669,767.1042964195137
20,sivaganga,2013,violent crime,356,13.83,25.73,28.5531827288955,745.3898424199801
20,sivaganga,2014,violent crime,331,14.05,23.56,28.24165195237345,1047.689611761748
20,sivaganga,2015,violent crime,365,14.3,25.6,28.10231641513198,1246.034372230644
20,sivaganga,2016,violent crime,368,14.5,25.4,28.80045103557074,615.6805263781192
20,sivaganga,2017,violent crime,276,14.7,18.8,28.473015910476,1027.617225487553
20,sivaganga,2018,violent crime,348,15.0,23.2,28.15409784687099,850.621139298624
20,sivaganga,2019,violent crime,358,15.18,23.6,28.7392336466775,28.7392336466775
20,sivaganga,2020,violent crime,329,15.4,21.4,28.36706329004089,1098.414069678463
20,sivaganga,2021,violent crime,380,14.2,26.8,27.85120605981172,1358.063532350455
20,sivaganga,2022,violent crime,421,14.2,29.6,27.84510145443589,1207.02212624621
21,thanjavur,2011,violent crimes,502,24.03,20.89,28.34876712,1134.1
21,thanjavur,2012,violent crimes,551,24.38,22.6,28.68219178,860.8
21,thanjavur,2013,violent crime,616,24.78,24.86,28.92424242,612.9
21,thanjavur,2014,violent crime,524,25.17,20.82,28.75041096,1182.7
21,thanjavur,2015,violent crime,381,25.6,14.9,28.59890411,1401.1
21,thanjavur,2016,violent crime,473,26.0,18.2,28.94644809,612.2
21,thanjavur,2017,violent crime,469,26.4,17.8,28.85794521,1066.4
21,thanjavur,2018,violent crime,491,26.8,18.3,28.76753425,878.4
21,thanjavur,2019,violent crime,494,27.2,18.2,28.78246575,1281.6
21,thanjavur,2020,violent crime,621,27.6,22.5,28.2976776,1035.7
21,thanjavur,2021,violent crime,718,25.5,28.2,28.80849315,1816.4
21,thanjavur,2022,violent crime,749,25.6,29.3,28.49546703,1448.2
15,the nilgiris,2011,violent crimes,70,7.35,9.52,18.51818809,1461.926573
15,the nilgiris,2012,violent crimes,64,7.46,8.58,17.95710383,1424.9
15,the nilgiris,2013,violent crime,76,7.58,10.02,17.83890411,1372.0
15,the nilgiris,2014,violent crime,53,7.7,6.88,18.1286048,1577.04011
15,the nilgiris,2015,violent crime,58,7.8,7.4,17.85506849,2162.1
15,the nilgiris,2016,violent crime,47,7.9,5.9,18.37868852,1024.7
15,the nilgiris,2017,violent crime,47,8.1,5.8,18.08849315,2006.3
15,the nilgiris,2018,violent crime,34,8.2,4.1,17.7990411,1777.5
15,the nilgiris,2019,violent crime,36,8.32,4.3,18.3369146,2154.2
15,the nilgiris,2020,violent crime,56,8.5,6.6,18.24153005,1420.3
15,the nilgiris,2021,violent crime,48,7.8,6.2,16.39084554,1906.7
15,the nilgiris,2022,violent crime,101,7.8,12.9,16.11404248,1787.95
22,theni,2011,violent crimes,395,12.44,31.76,21.15321803845001,1232.678693142084
22,theni,2012,violent crimes,335,12.62,26.55,20.86043854727261,1107.710014323749
22,theni,2013,violent crime,301,12.83,23.46,20.50085639791009,1063.495809335538
22,theni,2014,violent crime,285,13.03,21.88,20.43492211019088,1513.944586790431
22,theni,2015,violent crime,291,13.2,22.0,20.34424641715698,1574.659958523151
22,theni,2016,violent crime,236,13.4,17.6,20.83224212300137,782.536202953498
22,theni,2017,violent crime,174,13.6,12.8,20.51762536399302,1478.359059001275
22,theni,2018,violent crime,174,13.9,12.5,20.26347366968791,1258.208584654565
22,theni,2019,violent crime,195,14.08,13.8,20.83268684743311,20.83268684743311
22,theni,2020,violent crime,172,14.3,12.0,20.29182082897359,1263.455679422754
22,theni,2021,violent crime,212,13.2,16.1,20.03180281483812,1844.673521648384
22,theni,2022,violent crime,486,13.2,36.8,20.05839533655438,1868.726065060875
26,thiruvallur,2011,violent crimes,205,13.16,15.58,28.5987704523416,1527.232563434042
26,thiruvallur,2012,violent crimes,263,13.35,19.7,28.94494362181953,1033.63166755931
26,thiruvallur,2013,violent crime,328,13.57,24.16,28.82925071840882,1068.293237605877
24,thiruvallur,2014,violent crime,296,13.79,21.46,28.97177818170999,1202.248414746909
24,thiruvallur,2015,violent crime,307,14.0,21.9,28.93693147999801,1920.911460798953
24,thiruvallur,2016,violent crime,237,14.2,16.7,29.26225377651707,1035.862290425294
24,thiruvallur,2017,violent crime,219,14.4,15.2,29.18539536189618,1467.600429806204
24,thiruvallur,2018,violent crime,233,14.7,15.9,28.89478732608745,926.5143857382898
24,thiruvallur,2019,violent crime,260,5.65,46.0,29.38295226380856,29.38295226380856
23,thiruvallur,2020,violent crime,258,15.1,17.1,28.9645957690711,1406.651603045415
28,thiruvallur,2021,violent crime,297,25.0,11.9,28.58341971467991,1905.732573975672
28,thiruvallur,2022,violent crime,599,29.3,20.4,28.53453058912723,1454.102786967993
28,thiruvarur,2011,violent crimes,158,12.68,12.46,28.54779248800622,1024.530340737952
28,thiruvarur,2012,violent crimes,192,12.87,14.92,29.04504788777914,1101.947046339656
28,thiruvarur,2013,violent crime,221,13.08,16.9,29.0106458558232,877.9075592702843
26,thiruvarur,2014,violent crime,197,13.28,14.83,28.9120278921472,1182.082970573701
26,thiruvarur,2015,violent crime,272,13.5,20.2,28.87936143070818,1681.793154061559
26,thiruvarur,2016,violent crime,178,13.7,13.0,29.25739444410944,665.626473285721
26,thiruvarur,2017,violent crime,181,13.9,13.0,29.13312767948013,1486.415620117187
26,thiruvarur,2018,violent crime,237,14.1,16.8,28.87446957140084,1061.092216914533
26,thiruvarur,2019,violent crime,195,4.87,40.0,29.20838844575078,29.20838844575078
25,thiruvarur,2020,violent crime,251,14.6,17.2,28.80412710994123,1249.593235598644
24,thiruvarur,2021,violent crime,179,13.4,13.4,28.26597664890519,1692.589440300264
24,thiruvarur,2022,violent crime,179,13.4,13.4,28.07756940451013,1345.360391036804
23,thoothukkudi,2011,violent crimes,500,17.38,28.76,28.99315068,639.4
23,thoothukkudi,2012,violent crimes,474,17.64,26.87,29.14479452,698.9
23,thoothukkudi,2013,violent crime,485,17.93,27.05,29.37780822,432.2
27,thoothukkudi,2014,violent crime,372,18.21,20.43,28.86438356,1202.2
27,thoothukkudi,2015,violent crime,487,18.5,26.3,28.30520548,1156.9
27,thoothukkudi,2016,violent crime,383,18.8,20.4,29.31516393,330.5
27,thoothukkudi,2017,violent crime,490,19.1,25.7,29.06849315,591.9
27,thoothukkudi,2018,violent crime,634,19.4,32.7,28.70205479,718.5
27,thoothukkudi,2019,violent crime,361,14.9,24.2,29.02762431,928.3
26,thoothukkudi,2020,violent crime,307,20.0,15.4,27.04701302911817,1078.999185385163
25,thoothukkudi,2021,violent crime,400,18.6,21.5,26.55338880155504,1450.236160844626
25,thoothukkudi,2022,violent crime,539,18.6,29.0,26.53774957411068,1211.01657675517
29,tiruchirappalli,2011,violent crimes,470,27.14,17.3,29.38818681,972.6
29,tiruchirappalli,2012,violent crimes,366,27.54,13.3,29.8707989,734.5
29,tiruchirappalli,2013,violent crime,350,27.99,12.5,30.03136986,657.8
29,tiruchirappalli,2014,violent crime,289,28.43,10.2,29.61821918,639.0
29,tiruchirappalli,2015,violent crime,372,28.9,12.9,29.64381868,994.9
29,tiruchirappalli,2016,violent crime,299,29.3,10.2,30.09903581,590.2
29,tiruchirappalli,2017,violent crime,315,29.8,10.6,30.16041096,584.8
29,tiruchirappalli,2018,violent crime,393,30.299999999999997,13.0,29.70041096,597.0
29,tiruchirappalli,2019,violent crime,411,30.71,13.4,30.46821918,822.6
29,tiruchirappalli,2020,violent crime,397,31.2,12.7,29.96284153,977.2
29,tiruchirappalli,2021,violent crime,484,28.9,16.7,29.49519231,1493.2
29,tiruchirappalli,2022,violent crime,519,28.9,18.0,29.37821918,884.6
24,tirunelveli,2011,violent crimes,680,30.729999999999997,22.1,30.05890411,544.7
24,tirunelveli,2012,violent crimes,904,31.169999999999998,29.0,27.39535044069896,780.098539287188
24,tirunelveli,2013,violent crime,987,31.700000000000003,31.1,27.31255419568068,748.0227421363551
23,tirunelveli,2014,violent crime,966,32.19,30.0,27.12344211520312,1200.811328146857
23,tirunelveli,2015,violent crime,855,32.699999999999996,26.1,26.86902861462818,1280.009295157054
23,tirunelveli,2016,violent crime,634,33.2,19.1,27.59624798944622,516.4788331389534
23,tirunelveli,2017,violent crime,541,33.7,16.1,27.33105024612686,925.7008638796896
23,tirunelveli,2018,violent crime,618,34.3,18.0,26.988563600436,916.7987057814773
23,tirunelveli,2019,violent crime,542,48.81,11.1,27.49638962570641,27.49638962570641
27,tirunelveli,2020,violent crime,543,53.2,10.2,26.6530424560301,1010.671509870975
26,tirunelveli,2021,violent crime,785,32.6,24.1,26.16455725052576,1487.363968887261
26,tirunelveli,2022,violent crime,877,32.7,26.8,26.18215806119231,1128.512709093222
25,tiruppur,2011,violent crimes,315,24.71,12.75,24.48458961243933,1087.702668011015
25,tiruppur,2012,violent crimes,424,25.07,16.91,23.38529366887315,1206.304337989277
25,tiruppur,2013,violent crime,417,25.49,16.36,22.44000704864934,1692.605055219672
28,tiruppur,2014,violent crime,401,25.89,15.5,22.49884712879627,1738.966406915469
28,tiruppur,2015,violent crime,329,26.299999999999997,12.5,22.59408402571914,1697.570804768982
28,tiruppur,2016,violent crime,283,26.8,10.6,22.99429483925656,1087.328519455255
28,tiruppur,2017,violent crime,241,27.099999999999998,8.9,22.8276730111575,1753.067153352824
28,tiruppur,2018,violent crime,255,27.6,9.2,22.46728765989312,1538.61669393564
28,tiruppur,2019,violent crime,232,42.29,5.5,23.04344457633486,23.04344457633486
28,tiruppur,2020,violent crime,195,28.4,6.9,22.7594319020913,1717.53720116903
27,tiruppur,2021,violent crime,272,26.3,10.3,23.12859939447404,1944.608359576165
27,tiruppur,2022,violent crime,493,26.3,18.7,23.03574543935877,1976.583604219701
27,tiruvannamalai,2011,violent crimes,368,24.69,14.91,28.02616443671141,1153.064145075579
27,tiruvannamalai,2012,violent crimes,381,25.05,15.21,28.19262324566971,966.0300233477285
27,tiruvannamalai,2013,violent crime,329,25.47,12.92,28.34789342286522,933.3832394611047
25,tiruvannamalai,2014,violent crime,382,25.86,14.77,28.2876645863752,1064.610906459942
25,tiruvannamalai,2015,violent crime,376,26.3,14.3,28.27003078720449,1600.033136960041
25,tiruvannamalai,2016,violent crime,357,26.7,13.4,28.7778317162035,818.3518902611639
25,tiruvannamalai,2017,violent crime,288,27.1,10.6,28.57284075889142,1302.333767094594
25,tiruvannamalai,2018,violent crime,317,27.5,11.5,28.10274531665015,934.5293501085808
25,tiruvannamalai,2019,violent crime,358,23.1,15.5,28.67678348600633,28.67678348600633
24,tiruvannamalai,2020,violent crime,355,28.4,12.5,28.17230847466317,1265.124695489193
23,tiruvannamalai,2021,violent crime,396,26.1,15.2,27.22945758953169,1517.666833187356
23,tiruvannamalai,2022,violent crime,487,26.2,18.6,27.12678274199193,1318.010944030999
30,vellore,2011,violent crimes,313,39.28,7.97,28.55493151,1018.4
30,vellore,2012,violent crimes,349,39.85,8.76,28.14036735,873.8
30,vellore,2013,violent crime,431,40.52,10.64,28.80782967,853.4
30,vellore,2014,violent crime,424,41.15,10.3,28.83589041,868.6
30,vellore,2015,violent crime,328,41.8,7.8,28.61424658,1574.9
30,vellore,2016,violent crime,305,42.4,7.2,29.21393443,909.2
30,vellore,2017,violent crime,324,43.1,7.5,28.95438356,1226.8
30,vellore,2018,violent crime,362,43.8,8.3,28.45191781,920.2
30,vellore,2019,violent crime,404,44.46,9.1,29.23945205,1082.3
30,vellore,2020,violent crime,364,43.3,8.4,28.61352459,1210.5
30,vellore,2021,violent crime,355,41.7,8.5,27.4653713,1299.1
30,vellore,2022,violent crime,414,41.9,9.9,27.29964681,1262.35
31,viluppuram,2011,violent crimes,1359,34.63,39.24,28.0754665591878,1325.520782606248
31,viluppuram,2012,violent crimes,1203,35.14,34.24,28.57600898510493,1027.008481617605
31,viluppuram,2013,violent crime,816,35.72,22.84,28.44036141546331,955.9231190770095
31,viluppuram,2014,violent crime,851,36.28,23.46,28.2717503385925,1208.641823162588
31,viluppuram,2015,violent crime,847,36.9,23.0,28.35973858915675,1650.045875605793
31,viluppuram,2016,violent crime,799,37.4,21.4,28.77103581642669,729.6877496226443
31,viluppuram,2017,violent crime,867,38.0,22.8,28.58890785271252,1369.03431238048
31,viluppuram,2018,violent crime,681,38.6,17.6,28.21661984926385,992.9797833971845
31,viluppuram,2019,violent crime,568,39.2,14.5,28.6720505243933,28.6720505243933
31,viluppuram,2020,violent crime,707,35.7,19.8,28.26370486187139,1382.256530872162
31,viluppuram,2021,violent crime,747,36.7,20.4,27.44898632926207,1724.655751959551
31,viluppuram,2022,violent crime,771,36.8,21.0,27.48201070441327,1362.654147836365
32,virudunagar,2011,violent crimes,340,19.43,17.5,27.26829277954876,897.159782708649
32,virudunagar,2012,violent crimes,381,19.72,19.32,27.16108733081199,798.5556527055214
32,virudunagar,2013,violent crime,306,20.04,15.27,27.19576616021052,776.9659950378951
32,virudunagar,2014,violent crime,313,20.36,15.38,26.89726494573222,1157.616943600281
32,virudunagar,2015,violent crime,335,20.7,16.2,26.68256748996387,1280.127550433245
32,virudunagar,2016,violent crime,298,21.0,14.2,27.43965408383271,618.279213297962
32,virudunagar,2017,violent crime,216,21.3,10.1,27.06085608164828,1073.895358502646
32,virudunagar,2018,violent crime,261,21.7,12.0,26.74458403166563,913.9880645726142
32,virudunagar,2019,violent crime,223,21.99,10.1,27.34385113410961,27.34385113410961
32,virudunagar,2020,violent crime,226,22.3,10.1,26.70548681598466,1133.076274707279
32,virudunagar,2021,violent crime,237,20.6,11.5,26.17477283364859,1418.925711525034
32,virudunagar,2022,violent crime,425,20.7,20.5,26.22212318611844,1334.711742950689
